1682146972418,ablackzero10,123456789,Đây là tau,0,25-12-2001,TranQuocToan,ablackzero10@,0123151231
1682146989059,anhzero20,conkien,Cha biet??,2,12-10-2000,Nguyen Hue,ab@gmail.com,03124151025
1682147003778,nhatanh1998,12398172893,NhatAnh,1,15-02-1998,Nguyen Trai,nhatanh@gmail.com,03801251231
1682147010765,danghuy,asdasdca,Huy,1,14-09-2015,Nhatle,huy@gmail.com,05121212312
1682147017676,caoanh,anh123,Tau là Anh,1,01-01-1992,Trần Quốc Toản/Tây Lộc/TP Huế,,0033393834
1682147025802,zerowing,1239893,anhzero,1,20-11-1990,YOLO,rocketmail@,05120123123
1683616265832,nhatanh123,123456,Nhat Anh,1,12-03-2003,,,03312414512
1683616300146,phuc987,0321312312,Phuc,2,03-03-1924,,,0123123123
1682146997554,khanh3123,khanh532,Khanh123,2,03-05-2001,,,0511231241
1683626163846,truong321,1236546,Truong Canh,1,30-03-2000,Hue,,012412512
1683626436717,dat1241,dat12356,Dat,1,15-05-1993,adasdasdcasd,dat@gmail.com,01231251231
1683702611102,duy1998,khongbiet,Duy,2,02-02-1998,Hue,duy@gmail.com,0333934124
1683702669691,quang3124,quanghay,Quang,2,03-12-2002,Quang Tri,quang@y.com,0315124124
1683714394326,canhtruongle,123456,truongpro,1,01-03-2024,sadadcdx,sadsad@g.com,0658954756
1684136074575,truong123,truong123,Truong,2,03-02-2020,asdca,,01241221412
